"filename", "language", "YAML", "Python", "Shell Script", "Docker", "pip requirements", "Markdown", "LaTeX", "BibTeX", "comment", "blank", "total"
"/Users/alanguzek/Projects/EventSchedulerBot/README.md", "Markdown", 0, 0, 0, 0, 0, 15, 0, 0, 0, 4, 19
"/Users/alanguzek/Projects/EventSchedulerBot/bot/Dockerfile", "Docker", 0, 0, 0, 6, 0, 0, 0, 0, 0, 3, 9
"/Users/alanguzek/Projects/EventSchedulerBot/bot/event_scheduler/__init__.py", "Python", 0, 0, 0, 0, 0, 0, 0, 0, 0, 1, 1
"/Users/alanguzek/Projects/EventSchedulerBot/bot/event_scheduler/__main__.py", "Python", 0, 4, 0, 0, 0, 0, 0, 0, 0, 2, 6
"/Users/alanguzek/Projects/EventSchedulerBot/bot/event_scheduler/api/__init__.py", "Python", 0, 0, 0, 0, 0, 0, 0, 0, 0, 1, 1
"/Users/alanguzek/Projects/EventSchedulerBot/bot/event_scheduler/api/algorithms.py", "Python", 0, 48, 0, 0, 0, 0, 0, 0, 0, 12, 60
"/Users/alanguzek/Projects/EventSchedulerBot/bot/event_scheduler/api/availability_model.py", "Python", 0, 62, 0, 0, 0, 0, 0, 0, 0, 10, 72
"/Users/alanguzek/Projects/EventSchedulerBot/bot/event_scheduler/api/event_model.py", "Python", 0, 144, 0, 0, 0, 0, 0, 0, 0, 18, 162
"/Users/alanguzek/Projects/EventSchedulerBot/bot/event_scheduler/api/settings.py", "Python", 0, 10, 0, 0, 0, 0, 0, 0, 0, 5, 15
"/Users/alanguzek/Projects/EventSchedulerBot/bot/event_scheduler/bot.py", "Python", 0, 100, 0, 0, 0, 0, 0, 0, 2, 24, 126
"/Users/alanguzek/Projects/EventSchedulerBot/bot/event_scheduler/db.py", "Python", 0, 13, 0, 0, 0, 0, 0, 0, 1, 5, 19
"/Users/alanguzek/Projects/EventSchedulerBot/bot/event_scheduler/ui/__init__.py", "Python", 0, 0, 0, 0, 0, 0, 0, 0, 0, 1, 1
"/Users/alanguzek/Projects/EventSchedulerBot/bot/event_scheduler/ui/cancel_event_message.py", "Python", 0, 37, 0, 0, 0, 0, 0, 0, 0, 10, 47
"/Users/alanguzek/Projects/EventSchedulerBot/bot/event_scheduler/ui/reschedule_event_message.py", "Python", 0, 41, 0, 0, 0, 0, 0, 0, 0, 10, 51
"/Users/alanguzek/Projects/EventSchedulerBot/bot/event_scheduler/ui/schedule_event_message.py", "Python", 0, 166, 0, 0, 0, 0, 0, 0, 2, 40, 208
"/Users/alanguzek/Projects/EventSchedulerBot/bot/event_scheduler/ui/select_dates_message.py", "Python", 0, 95, 0, 0, 0, 0, 0, 0, 2, 19, 116
"/Users/alanguzek/Projects/EventSchedulerBot/bot/event_scheduler/ui/show_events_message.py", "Python", 0, 48, 0, 0, 0, 0, 0, 0, 0, 8, 56
"/Users/alanguzek/Projects/EventSchedulerBot/bot/event_scheduler/utils.py", "Python", 0, 23, 0, 0, 0, 0, 0, 0, 0, 15, 38
"/Users/alanguzek/Projects/EventSchedulerBot/bot/requirements.txt", "pip requirements", 0, 0, 0, 0, 20, 0, 0, 0, 0, 1, 21
"/Users/alanguzek/Projects/EventSchedulerBot/bot/start.sh", "Shell Script", 0, 0, 1, 0, 0, 0, 0, 0, 0, 0, 1
"/Users/alanguzek/Projects/EventSchedulerBot/bot/test.sh", "Shell Script", 0, 0, 1, 0, 0, 0, 0, 0, 0, 0, 1
"/Users/alanguzek/Projects/EventSchedulerBot/bot/tests/__init__.py", "Python", 0, 0, 0, 0, 0, 0, 0, 0, 0, 1, 1
"/Users/alanguzek/Projects/EventSchedulerBot/bot/tests/algorithms_test.py", "Python", 0, 57, 0, 0, 0, 0, 0, 0, 0, 18, 75
"/Users/alanguzek/Projects/EventSchedulerBot/bot/tests/utils_test.py", "Python", 0, 19, 0, 0, 0, 0, 0, 0, 0, 10, 29
"/Users/alanguzek/Projects/EventSchedulerBot/db/Dockerfile", "Docker", 0, 0, 0, 1, 0, 0, 0, 0, 0, 1, 2
"/Users/alanguzek/Projects/EventSchedulerBot/docker-compose.yml", "YAML", 29, 0, 0, 0, 0, 0, 0, 0, 0, 6, 35
"/Users/alanguzek/Projects/EventSchedulerBot/docs/idea.md", "Markdown", 0, 0, 0, 0, 0, 59, 0, 0, 0, 14, 73
"/Users/alanguzek/Projects/EventSchedulerBot/docs/thesis/main.tex", "LaTeX", 0, 0, 0, 0, 0, 0, 530, 0, 21, 160, 711
"/Users/alanguzek/Projects/EventSchedulerBot/docs/thesis/refs.bib", "BibTeX", 0, 0, 0, 0, 0, 0, 0, 17, 0, 2, 19
"/Users/alanguzek/Projects/EventSchedulerBot/docs/todo.md", "Markdown", 0, 0, 0, 0, 0, 27, 0, 0, 0, 4, 31
"Total", "-", 29, 867, 2, 7, 20, 101, 530, 17, 28, 405, 2006